ts_event,ts_recv,rtype,publisher_id,instrument_id,action,side,depth,price,size,flags,ts_in_delta,sequence,bid_px_00,ask_px_00,bid_sz_00,ask_sz_00,bid_ct_00,ask_ct_00,bid_px_01,ask_px_01,bid_sz_01,ask_sz_01,bid_ct_01,ask_ct_01,bid_px_02,ask_px_02,bid_sz_02,ask_sz_02,bid_ct_02,ask_ct_02,bid_px_03,ask_px_03,bid_sz_03,ask_sz_03,bid_ct_03,ask_ct_03,bid_px_04,ask_px_04,bid_sz_04,ask_sz_04,bid_ct_04,ask_ct_04,bid_px_05,ask_px_05,bid_sz_05,ask_sz_05,bid_ct_05,ask_ct_05,bid_px_06,ask_px_06,bid_sz_06,ask_sz_06,bid_ct_06,ask_ct_06,bid_px_07,ask_px_07,bid_sz_07,ask_sz_07,bid_ct_07,ask_ct_07,bid_px_08,ask_px_08,bid_sz_08,ask_sz_08,bid_ct_08,ask_ct_08,bid_px_09,ask_px_09,bid_sz_09,ask_sz_09,bid_ct_09,ask_ct_09,symbol
2026-03-30 12:00:00+00:00,1774872059976967728,10,1,42004058,A,B,0,23446750000000,1,128,20516,27343199,23446750000000,23447750000000,1,1,1,1,23446500000000,23448000000000,1,3,1,3,23446250000000,23448250000000,1,2,1,2,23446000000000,23448500000000,3,2,3,2,23445750000000,23448750000000,1,3,1,3,23445500000000,23449000000000,3,4,3,4,23445250000000,23449500000000,2,4,2,4,23445000000000,23449750000000,3,3,3,3,23444750000000,23450000000000,3,3,3,3,23444500000000,23450250000000,2,3,2,3,NQ.c.0
2026-03-30 12:01:00+00:00,1774872119996590491,10,1,42004058,C,A,0,23449000000000,1,128,11194,27389106,23448000000000,23449250000000,2,2,1,1,23447500000000,23449500000000,3,5,3,5,23447250000000,23450000000000,2,1,2,1,23447000000000,23450250000000,3,3,3,3,23446750000000,23450500000000,3,6,3,6,23446500000000,23450750000000,3,3,3,3,23446250000000,23451000000000,2,4,2,4,23446000000000,23451250000000,5,3,4,3,23445750000000,23451500000000,2,3,2,3,23445500000000,23451750000000,4,3,4,3,NQ.c.0
2026-03-30 12:02:00+00:00,1774872179950504292,10,1,42004058,A,A,5,23451250000000,1,128,12620,27436258,23448750000000,23449750000000,1,1,1,1,23448500000000,23450000000000,3,4,3,4,23448250000000,23450500000000,3,3,3,3,23448000000000,23450750000000,4,4,4,4,23447750000000,23451000000000,2,5,2,5,23447000000000,23451250000000,1,4,1,4,23446750000000,23451500000000,2,3,2,3,23446500000000,23451750000000,3,2,3,2,23446250000000,23452000000000,2,4,2,4,23446000000000,23452250000000,3,2,3,2,NQ.c.0
2026-03-30 12:03:00+00:00,1774872239989834287,10,1,42004058,M,B,0,23439750000000,1,128,18499,27468374,23439750000000,23440750000000,3,1,3,1,23439500000000,23441000000000,4,4,4,4,23439250000000,23441250000000,2,3,2,3,23439000000000,23441500000000,4,3,4,3,23438750000000,23441750000000,5,2,5,2,23438500000000,23442000000000,4,5,4,5,23438250000000,23442250000000,4,4,4,4,23438000000000,23442500000000,8,3,8,3,23437750000000,23442750000000,6,3,6,3,23437500000000,23443000000000,2,4,2,4,NQ.c.0
2026-03-30 12:04:00+00:00,1774872299775538780,10,1,42004058,C,A,0,23452750000000,1,128,12722,27501455,23451750000000,23453000000000,1,1,1,1,23451500000000,23453250000000,2,1,2,1,23451250000000,23453500000000,3,3,3,3,23451000000000,23453750000000,3,2,3,2,23450750000000,23454000000000,4,4,4,4,23450500000000,23454250000000,3,4,3,4,23450250000000,23454500000000,2,4,2,4,23450000000000,23454750000000,3,5,3,5,23449750000000,23455000000000,2,3,2,3,23449500000000,23455250000000,4,4,4,4,NQ.c.0
2026-03-30 12:05:00+00:00,1774872359889222689,10,1,42004058,M,A,0,23463000000000,1,128,12927,27547486,23462000000000,23463000000000,1,2,1,2,23461750000000,23463250000000,1,4,1,4,23461500000000,23463500000000,2,2,2,2,23461250000000,23464000000000,1,3,1,3,23461000000000,23464250000000,2,2,2,2,23460500000000,23464500000000,2,4,2,4,23460250000000,23465000000000,4,3,4,3,23460000000000,23465250000000,7,3,6,3,23459750000000,23465500000000,4,2,4,2,23459250000000,23465750000000,2,3,2,3,NQ.c.0
2026-03-30 12:06:00+00:00,1774872419986870878,10,1,42004058,A,B,0,23461750000000,1,128,11346,27581493,23461750000000,23462500000000,1,1,1,1,23461500000000,23462750000000,1,2,1,2,23461250000000,23463000000000,2,3,2,3,23461000000000,23463250000000,3,1,3,1,23460750000000,23463500000000,3,2,3,2,23460500000000,23464000000000,3,3,3,3,23460250000000,23464250000000,4,4,4,4,23460000000000,23464500000000,7,3,6,3,23459750000000,23464750000000,3,3,3,3,23459500000000,23465000000000,3,15,3,6,NQ.c.0
2026-03-30 12:07:00+00:00,1774872479538406026,10,1,42004058,A,A,0,23462000000000,1,128,12674,27608381,23461250000000,23462000000000,1,1,1,1,23461000000000,23462250000000,2,1,2,1,23460750000000,23462500000000,3,3,3,3,23460500000000,23462750000000,3,3,3,3,23460000000000,23463000000000,5,4,4,4,23459750000000,23463250000000,3,3,3,3,23459500000000,23463500000000,2,3,2,3,23459250000000,23463750000000,2,3,2,3,23458750000000,23464000000000,2,4,2,4,23458500000000,23464250000000,1,5,1,5,NQ.c.0
2026-03-30 12:08:00+00:00,1774872539879188757,10,1,42004058,A,A,0,23459750000000,1,128,12951,27638410,23458750000000,23459750000000,1,1,1,1,23458500000000,23460000000000,1,2,1,2,23458250000000,23460250000000,3,2,3,2,23458000000000,23460500000000,2,3,2,3,23457750000000,23460750000000,3,2,3,2,23457500000000,23461000000000,3,3,3,3,23457250000000,23461250000000,3,3,3,3,23457000000000,23461500000000,2,2,2,2,23456750000000,23461750000000,3,4,3,4,23456500000000,23462000000000,3,4,3,4,NQ.c.0
2026-03-30 12:09:00+00:00,1774872599998968556,10,1,42004058,A,A,5,23458250000000,1,128,13001,27680555,23456000000000,23457000000000,1,1,1,1,23455750000000,23457250000000,3,3,3,3,23455500000000,23457500000000,5,3,5,3,23455250000000,23457750000000,4,2,4,2,23455000000000,23458000000000,6,2,6,2,23454750000000,23458250000000,2,3,2,3,23454500000000,23458500000000,4,2,4,2,23454250000000,23458750000000,3,1,3,1,23454000000000,23459000000000,2,3,2,3,23453750000000,23459250000000,2,2,2,2,NQ.c.0
2026-03-30 12:10:00+00:00,1774872659687097601,10,1,42004058,A,A,0,23467000000000,1,128,13487,27719656,23465750000000,23467000000000,1,2,1,2,23465500000000,23467250000000,2,4,2,4,23465250000000,23467500000000,2,2,2,2,23465000000000,23467750000000,2,1,2,1,23464750000000,23468000000000,2,4,2,4,23464500000000,23468250000000,3,3,3,3,23464250000000,23468500000000,3,4,3,4,23464000000000,23468750000000,5,2,5,2,23463750000000,23469000000000,2,5,2,5,23463500000000,23469250000000,3,3,3,3,NQ.c.0
2026-03-30 12:11:00+00:00,1774872719848937614,10,1,42004058,C,B,1,23458750000000,1,128,12464,27751674,23459000000000,23460250000000,1,2,1,2,23458750000000,23460500000000,1,2,1,2,23458500000000,23460750000000,6,2,6,2,23458250000000,23461000000000,2,4,2,4,23458000000000,23461250000000,4,4,4,4,23457750000000,23461500000000,3,2,3,2,23457500000000,23461750000000,3,4,3,4,23457250000000,23462000000000,3,3,3,3,23457000000000,23462250000000,3,3,3,3,23456750000000,23462500000000,3,1,3,1,NQ.c.0
2026-03-30 12:12:00+00:00,1774872779919940243,10,1,42004058,A,B,0,23463500000000,1,128,11001,27779893,23463500000000,23464500000000,1,1,1,1,23463250000000,23465000000000,1,2,1,2,23463000000000,23465750000000,2,2,2,2,23462750000000,23466000000000,3,2,3,2,23462500000000,23466250000000,2,3,2,3,23462250000000,23466500000000,2,3,2,3,23462000000000,23466750000000,2,3,2,3,23461750000000,23467000000000,3,2,3,2,23461500000000,23467250000000,5,3,5,3,23461250000000,23467500000000,3,2,3,2,NQ.c.0
2026-03-30 12:13:00+00:00,1774872839936909982,10,1,42004058,C,A,0,23470000000000,1,128,11332,27814078,23469250000000,23470250000000,1,1,1,1,23469000000000,23470500000000,3,3,3,3,23468750000000,23470750000000,3,3,3,3,23468500000000,23471000000000,3,4,3,4,23468250000000,23471250000000,2,2,2,2,23468000000000,23471500000000,5,3,5,3,23467750000000,23471750000000,3,4,3,4,23467500000000,23472000000000,2,3,2,3,23467250000000,23472250000000,3,4,3,4,23467000000000,23472500000000,2,3,2,3,NQ.c.0
2026-03-30 12:14:00+00:00,1774872899658471787,10,1,42004058,A,B,0,23465500000000,1,128,14591,27839558,23465500000000,23466500000000,1,2,1,2,23465250000000,23466750000000,1,1,1,1,23465000000000,23467000000000,3,2,3,2,23464750000000,23467250000000,2,3,2,3,23464500000000,23467500000000,3,3,3,3,23464250000000,23468000000000,4,3,4,3,23464000000000,23468250000000,4,3,4,3,23463750000000,23468500000000,3,3,3,3,23463500000000,23468750000000,2,4,2,4,23463250000000,23469000000000,3,4,3,4,NQ.c.0
2026-03-30 12:15:00+00:00,1774872959980923550,10,1,42004058,A,B,2,23465500000000,1,128,13182,27871461,23466000000000,23467000000000,1,1,1,1,23465750000000,23467250000000,2,2,2,2,23465500000000,23467500000000,3,3,3,3,23465250000000,23467750000000,3,6,3,6,23465000000000,23468000000000,3,5,3,5,23464750000000,23468250000000,3,3,3,3,23464500000000,23468500000000,3,4,3,4,23464250000000,23468750000000,3,3,3,3,23464000000000,23469000000000,5,3,5,3,23463750000000,23469500000000,3,3,3,3,NQ.c.0
2026-03-30 12:16:00+00:00,1774873019999086831,10,1,42004058,A,B,0,23461500000000,1,128,11553,27906594,23461500000000,23462500000000,1,1,1,1,23461250000000,23462750000000,1,2,1,2,23461000000000,23463000000000,4,2,4,2,23460750000000,23463250000000,3,1,3,1,23460500000000,23463500000000,4,3,4,3,23460250000000,23463750000000,3,1,3,1,23460000000000,23464000000000,5,4,5,4,23459750000000,23464250000000,5,3,5,3,23459500000000,23464500000000,4,2,4,2,23459250000000,23465000000000,5,2,5,2,NQ.c.0
2026-03-30 12:17:00+00:00,1774873079894960251,10,1,42004058,C,A,0,23479250000000,1,128,12679,27939093,23478500000000,23479500000000,2,1,2,1,23478250000000,23479750000000,3,2,3,2,23478000000000,23480000000000,3,3,3,3,23477750000000,23480250000000,2,3,2,3,23477500000000,23480500000000,3,2,3,2,23477250000000,23480750000000,3,2,3,2,23477000000000,23481000000000,3,5,3,5,23476750000000,23481250000000,4,5,4,5,23476500000000,23481500000000,4,4,4,4,23476250000000,23481750000000,3,3,3,3,NQ.c.0
2026-03-30 12:18:00+00:00,1774873139922718065,10,1,42004058,C,B,0,23481500000000,1,128,11635,27981558,23481250000000,23482500000000,2,1,2,1,23481000000000,23482750000000,4,2,4,2,23480750000000,23483000000000,4,4,4,4,23480500000000,23483250000000,4,3,4,3,23480250000000,23483500000000,4,3,4,3,23480000000000,23483750000000,4,3,4,3,23479750000000,23484000000000,5,3,5,3,23479500000000,23484250000000,5,3,5,3,23479250000000,23484500000000,3,3,3,3,23479000000000,23484750000000,5,1,5,1,NQ.c.0
2026-03-30 12:19:00+00:00,1774873199998783322,10,1,42004058,C,A,1,23482000000000,1,128,13443,28014657,23481000000000,23481750000000,1,2,1,2,23480750000000,23482000000000,2,2,2,2,23480500000000,23482250000000,3,3,3,3,23480250000000,23482500000000,5,1,5,1,23480000000000,23482750000000,5,2,5,2,23479750000000,23483000000000,3,1,3,1,23479500000000,23483250000000,4,1,4,1,23479250000000,23483500000000,10,1,6,1,23479000000000,23483750000000,4,2,4,2,23478750000000,23484000000000,3,3,3,3,NQ.c.0
2026-03-30 12:20:00+00:00,1774873259975090348,10,1,42004058,A,B,6,23478250000000,1,128,12503,28050687,23479750000000,23480500000000,1,1,1,1,23479500000000,23480750000000,2,3,2,3,23479250000000,23481000000000,1,2,1,2,23479000000000,23481250000000,3,3,3,3,23478750000000,23481500000000,1,3,1,3,23478500000000,23481750000000,1,2,1,2,23478250000000,23482000000000,4,3,4,3,23478000000000,23482250000000,3,2,3,2,23477750000000,23482500000000,3,3,3,3,23477500000000,23482750000000,5,3,5,3,NQ.c.0
2026-03-30 12:21:00+00:00,1774873319725599659,10,1,42004058,C,A,0,23483000000000,1,128,12645,28084194,23482000000000,23483000000000,1,1,1,1,23481750000000,23483250000000,2,3,2,3,23481500000000,23483500000000,3,1,3,1,23481250000000,23483750000000,3,2,3,2,23481000000000,23484000000000,3,5,3,5,23480750000000,23484250000000,3,3,3,3,23480500000000,23484500000000,3,4,3,4,23480250000000,23484750000000,5,2,5,2,23480000000000,23485000000000,5,2,5,2,23479750000000,23485250000000,4,3,4,3,NQ.c.0
2026-03-30 12:22:00+00:00,1774873379897209263,10,1,42004058,A,A,2,23481500000000,1,128,12710,28109725,23480000000000,23481000000000,1,1,1,1,23479750000000,23481250000000,2,2,2,2,23479500000000,23481500000000,4,3,4,3,23479250000000,23481750000000,3,3,3,3,23479000000000,23482000000000,2,3,2,3,23478750000000,23482250000000,2,5,2,5,23478500000000,23482500000000,3,2,3,2,23478250000000,23482750000000,4,3,4,3,23478000000000,23483000000000,4,4,4,4,23477750000000,23483250000000,2,3,2,3,NQ.c.0
2026-03-30 12:23:00+00:00,1774873440000091303,10,1,42004058,M,B,4,23419000000000,1,128,11977,28144211,23494250000000,23495250000000,2,1,2,1,23494000000000,23495500000000,4,3,4,3,23493750000000,23495750000000,4,2,4,2,23493500000000,23496000000000,4,1,4,1,23493250000000,23496250000000,1,2,1,2,23493000000000,23496500000000,2,2,2,2,23492750000000,23496750000000,2,1,2,1,23492500000000,23497000000000,3,3,3,3,23492250000000,23497250000000,3,3,3,3,23492000000000,23497500000000,4,4,4,4,NQ.c.0
2026-03-30 12:24:00+00:00,1774873499846290742,10,1,42004058,A,A,2,23500250000000,1,128,13579,28186112,23499000000000,23499750000000,1,1,1,1,23498750000000,23500000000000,2,2,2,2,23498500000000,23500250000000,3,3,3,3,23498250000000,23500500000000,4,4,4,4,23498000000000,23500750000000,11,5,7,5,23497750000000,23501000000000,4,3,4,3,23497500000000,23501250000000,3,3,3,3,23497250000000,23501500000000,2,4,2,4,23497000000000,23501750000000,4,3,4,3,23496750000000,23502000000000,2,3,2,3,NQ.c.0
2026-03-30 12:25:00+00:00,1774873559548835113,10,1,42004058,C,A,4,23501500000000,1,128,16496,28226209,23499750000000,23500500000000,1,1,1,1,23499500000000,23500750000000,2,1,2,1,23499250000000,23501000000000,3,5,3,5,23499000000000,23501250000000,3,2,3,2,23498750000000,23501500000000,4,2,4,2,23498500000000,23501750000000,3,3,3,3,23498250000000,23502000000000,5,3,5,3,23498000000000,23502250000000,5,2,5,2,23497750000000,23502500000000,5,2,5,2,23497500000000,23502750000000,4,1,4,1,NQ.c.0
2026-03-30 12:26:00+00:00,1774873619978563153,10,1,42004058,C,A,0,23505250000000,1,128,13170,28272753,23504500000000,23505250000000,1,1,1,1,23504250000000,23505500000000,1,3,1,3,23504000000000,23505750000000,3,2,3,2,23503750000000,23506250000000,3,3,3,3,23503500000000,23506500000000,3,3,3,3,23503250000000,23506750000000,4,2,4,2,23503000000000,23507000000000,4,1,4,1,23502750000000,23507250000000,4,2,4,2,23502500000000,23507500000000,4,3,4,3,23502250000000,23507750000000,4,1,4,1,NQ.c.0
2026-03-30 12:27:00+00:00,1774873679834033983,10,1,42004058,M,B,0,23499750000000,1,128,12735,28311365,23499750000000,23500750000000,2,1,2,1,23499500000000,23501000000000,3,3,3,3,23499250000000,23501250000000,4,4,4,4,23499000000000,23501500000000,1,1,1,1,23498750000000,23501750000000,2,3,2,3,23498500000000,23502000000000,2,1,2,1,23498250000000,23502250000000,2,2,2,2,23498000000000,23502500000000,5,1,5,1,23497750000000,23502750000000,4,1,4,1,23497500000000,23503000000000,4,3,4,3,NQ.c.0
2026-03-30 12:28:00+00:00,1774873739948856599,10,1,42004058,A,A,4,23501000000000,1,128,14458,28340457,23499250000000,23500000000000,1,1,1,1,23499000000000,23500250000000,2,1,2,1,23498750000000,23500500000000,3,1,3,1,23498500000000,23500750000000,3,2,3,2,23498250000000,23501000000000,3,2,3,2,23498000000000,23501250000000,3,2,3,2,23497750000000,23501500000000,4,3,4,3,23497500000000,23501750000000,3,4,3,4,23497250000000,23502000000000,2,1,2,1,23497000000000,23502250000000,4,4,4,4,NQ.c.0
2026-03-30 12:29:00+00:00,1774873799998921713,10,1,42004058,A,A,0,23501000000000,1,128,12689,28372195,23500250000000,23501000000000,1,1,1,1,23500000000000,23501250000000,5,3,1,3,23499750000000,23501500000000,3,3,3,3,23499500000000,23501750000000,3,3,3,3,23499250000000,23502000000000,4,3,4,3,23499000000000,23502250000000,2,4,2,4,23498750000000,23502500000000,2,2,2,2,23498500000000,23502750000000,4,2,4,2,23498250000000,23503000000000,4,2,4,2,23498000000000,23503250000000,5,2,5,2,NQ.c.0
2026-03-30 12:30:00+00:00,1774873859998085195,10,1,42004058,A,B,0,23513250000000,1,128,11214,28418257,23513250000000,23513750000000,1,2,1,2,23513000000000,23514000000000,1,3,1,3,23512750000000,23514250000000,2,4,2,4,23512500000000,23514500000000,3,3,3,3,23512250000000,23515000000000,2,2,1,2,23512000000000,23515250000000,3,3,3,3,23511750000000,23515500000000,4,3,4,3,23511500000000,23515750000000,1,6,1,4,23511250000000,23516000000000,2,6,2,6,23511000000000,23516250000000,2,3,2,3,NQ.c.0
2026-03-30 12:31:00+00:00,1774873919980484774,10,1,42004058,A,A,0,23510500000000,1,128,11466,28454822,23509750000000,23510500000000,1,1,1,1,23509500000000,23510750000000,1,1,1,1,23509250000000,23511000000000,3,2,3,2,23509000000000,23511250000000,3,1,3,1,23508500000000,23511500000000,5,1,5,1,23508250000000,23511750000000,2,2,2,2,23508000000000,23512000000000,4,5,4,5,23507750000000,23512250000000,5,3,5,3,23507500000000,23512500000000,4,2,4,2,23507000000000,23512750000000,4,2,4,2,NQ.c.0
2026-03-30 12:32:00+00:00,1774873979948880185,10,1,42004058,C,A,4,23520250000000,1,128,16151,28502372,23518000000000,23519250000000,1,1,1,1,23517750000000,23519500000000,2,3,2,3,23517500000000,23519750000000,1,3,1,3,23517250000000,23520000000000,2,3,2,3,23517000000000,23520250000000,1,1,1,1,23516750000000,23520500000000,1,1,1,1,23516500000000,23520750000000,1,2,1,2,23516250000000,23521000000000,1,3,1,3,23516000000000,23521250000000,4,4,4,4,23515750000000,23521500000000,1,3,1,3,NQ.c.0
2026-03-30 12:33:00+00:00,1774874039948790380,10,1,42004058,C,A,3,23516750000000,1,128,13392,28542480,23515000000000,23516000000000,1,1,1,1,23514750000000,23516250000000,1,2,1,2,23514500000000,23516500000000,1,2,1,2,23514250000000,23516750000000,2,1,2,1,23514000000000,23517000000000,1,2,1,2,23513750000000,23517250000000,2,2,2,2,23513500000000,23517500000000,5,3,5,3,23513250000000,23517750000000,2,2,2,2,23513000000000,23518000000000,3,2,3,2,23512750000000,23518250000000,4,3,4,3,NQ.c.0
2026-03-30 12:34:00+00:00,1774874099933294811,10,1,42004058,C,A,2,23508750000000,1,128,10877,28583857,23507000000000,23508250000000,1,1,1,1,23506500000000,23508500000000,2,4,2,4,23506250000000,23508750000000,6,1,4,1,23506000000000,23509000000000,1,1,1,1,23505750000000,23509250000000,3,3,3,3,23505500000000,23509500000000,2,3,2,3,23505250000000,23510000000000,2,2,2,2,23505000000000,23510250000000,2,2,2,2,23504750000000,23510500000000,3,3,3,3,23504500000000,23510750000000,2,1,2,1,NQ.c.0
2026-03-30 12:35:00+00:00,1774874159975591996,10,1,42004058,A,B,0,23512500000000,1,128,11319,28619846,23512500000000,23513500000000,1,1,1,1,23512250000000,23513750000000,6,2,2,2,23512000000000,23514000000000,4,2,3,2,23511750000000,23514250000000,3,1,3,1,23511500000000,23514500000000,2,1,2,1,23511250000000,23514750000000,2,1,2,1,23510750000000,23515000000000,2,2,2,2,23510500000000,23515250000000,3,3,3,3,23510250000000,23515500000000,7,3,7,3,23510000000000,23515750000000,4,3,4,3,NQ.c.0
2026-03-30 12:36:00+00:00,1774874219846682863,10,1,42004058,C,A,4,23510750000000,1,128,11400,28651759,23508750000000,23509750000000,1,2,1,2,23508500000000,23510000000000,3,3,3,3,23508250000000,23510250000000,2,3,2,3,23508000000000,23510500000000,4,2,4,2,23507750000000,23510750000000,1,2,1,2,23507500000000,23511000000000,4,3,4,3,23507250000000,23511250000000,3,2,3,2,23507000000000,23511500000000,3,2,3,2,23506750000000,23511750000000,2,4,2,4,23506500000000,23512000000000,1,3,1,3,NQ.c.0
2026-03-30 12:37:00+00:00,1774874279982859314,10,1,42004058,C,B,0,23508500000000,1,128,13454,28684411,23508250000000,23509250000000,1,1,1,1,23508000000000,23509500000000,1,1,1,1,23507750000000,23509750000000,1,2,1,2,23507500000000,23510000000000,3,1,3,1,23507250000000,23510250000000,3,2,3,2,23507000000000,23510500000000,4,3,4,3,23506750000000,23510750000000,2,2,2,2,23506500000000,23511000000000,2,3,2,3,23506250000000,23511250000000,4,2,4,2,23506000000000,23511500000000,6,4,6,4,NQ.c.0
2026-03-30 12:38:00+00:00,1774874339970464639,10,1,42004058,M,B,0,23515250000000,1,128,12793,28711170,23515250000000,23516250000000,2,1,2,1,23515000000000,23516500000000,4,1,4,1,23514750000000,23516750000000,3,4,3,4,23514500000000,23517000000000,3,1,3,1,23514250000000,23517250000000,1,1,1,1,23514000000000,23517500000000,3,1,3,1,23513750000000,23517750000000,3,3,3,3,23513500000000,23518000000000,3,3,3,3,23513250000000,23518250000000,1,2,1,2,23513000000000,23518500000000,4,3,4,3,NQ.c.0
2026-03-30 12:39:00+00:00,1774874399887546846,10,1,42004058,C,B,0,23513750000000,1,128,13303,28738394,23513500000000,23514500000000,1,1,1,1,23513250000000,23514750000000,2,2,2,2,23512750000000,23515000000000,4,3,4,3,23512500000000,23515250000000,5,3,5,3,23512250000000,23515500000000,4,2,4,2,23512000000000,23515750000000,4,2,4,2,23511750000000,23516000000000,5,5,5,5,23511500000000,23516250000000,2,2,2,2,23511250000000,23516500000000,3,2,3,2,23511000000000,23516750000000,3,2,3,2,NQ.c.0
2026-03-30 12:40:00+00:00,1774874459898779927,10,1,42004058,A,A,1,23511500000000,1,128,12972,28774468,23510250000000,23511250000000,1,1,1,1,23510000000000,23511500000000,2,3,2,3,23509750000000,23511750000000,3,4,3,4,23509500000000,23512000000000,6,4,2,4,23509250000000,23512250000000,2,4,2,4,23509000000000,23512500000000,2,3,2,3,23508750000000,23512750000000,4,4,4,4,23508500000000,23513000000000,4,4,4,4,23508250000000,23513250000000,5,3,5,3,23508000000000,23513500000000,4,4,4,4,NQ.c.0
2026-03-30 12:41:00+00:00,1774874519851243851,10,1,42004058,C,B,0,23504500000000,1,128,11265,28805885,23504250000000,23505250000000,1,1,1,1,23504000000000,23505500000000,2,1,2,1,23503750000000,23505750000000,3,3,3,3,23503500000000,23506000000000,5,2,5,2,23503250000000,23506250000000,4,5,4,5,23503000000000,23506500000000,4,7,4,4,23502750000000,23506750000000,3,2,3,2,23502500000000,23507000000000,3,3,3,3,23502250000000,23507250000000,4,4,4,4,23502000000000,23507500000000,4,4,4,4,NQ.c.0
2026-03-30 12:42:00+00:00,1774874579948796696,10,1,42004058,A,A,9,23508750000000,1,128,13230,28830813,23505750000000,23506500000000,2,1,2,1,23505500000000,23506750000000,4,2,4,2,23505250000000,23507000000000,3,3,3,3,23505000000000,23507250000000,4,3,4,3,23504750000000,23507500000000,3,2,3,2,23504500000000,23507750000000,5,1,5,1,23504250000000,23508000000000,5,3,5,3,23504000000000,23508250000000,4,3,4,3,23503750000000,23508500000000,5,3,5,3,23503500000000,23508750000000,6,1,6,1,NQ.c.0
2026-03-30 12:43:00+00:00,1774874639999353951,10,1,42004058,C,B,0,23512250000000,1,128,11167,28860982,23512000000000,23513000000000,1,1,1,1,23511750000000,23513250000000,4,1,4,1,23511500000000,23513500000000,1,2,1,2,23511250000000,23513750000000,3,2,3,2,23511000000000,23514000000000,7,1,7,1,23510750000000,23514250000000,3,4,3,4,23510500000000,23514500000000,6,5,6,5,23510250000000,23514750000000,6,4,6,4,23510000000000,23515000000000,3,3,3,3,23509750000000,23515250000000,2,4,2,4,NQ.c.0
2026-03-30 12:44:00+00:00,1774874699724649748,10,1,42004058,C,A,0,23507500000000,1,128,11207,28888114,23507000000000,23507750000000,1,1,1,1,23506750000000,23508000000000,1,5,1,3,23506500000000,23508250000000,4,3,4,3,23506250000000,23508500000000,3,9,3,3,23506000000000,23508750000000,4,3,4,3,23505750000000,23509000000000,4,2,4,2,23505500000000,23509250000000,4,5,4,5,23505250000000,23509500000000,5,3,5,3,23505000000000,23509750000000,9,4,9,4,23504750000000,23510000000000,3,4,3,4,NQ.c.0
2026-03-30 12:45:00+00:00,1774874759980464173,10,1,42004058,A,A,2,23503500000000,1,128,13122,28915775,23502250000000,23503000000000,2,1,2,1,23502000000000,23503250000000,4,1,4,1,23501750000000,23503500000000,5,11,5,3,23501500000000,23503750000000,4,2,4,2,23501250000000,23504000000000,24,5,5,5,23501000000000,23504250000000,4,6,4,6,23500750000000,23504500000000,4,11,4,2,23500500000000,23504750000000,8,2,4,2,23500250000000,23505000000000,5,3,5,3,23500000000000,23505250000000,9,2,9,2,NQ.c.0
2026-03-30 12:46:00+00:00,1774874819823917815,10,1,42004058,A,B,0,23500250000000,1,128,12476,28943162,23500250000000,23501000000000,1,1,1,1,23500000000000,23501250000000,3,3,3,3,23499750000000,23501500000000,4,5,4,5,23499500000000,23501750000000,4,2,4,2,23499250000000,23502000000000,4,3,4,3,23499000000000,23502250000000,4,4,4,4,23498750000000,23502500000000,2,4,2,4,23498500000000,23502750000000,4,4,4,4,23498250000000,23503000000000,5,5,5,5,23498000000000,23503250000000,12,3,12,3,NQ.c.0
2026-03-30 12:47:00+00:00,1774874879838582007,10,1,42004058,M,B,1,23504250000000,1,128,13290,28966546,23504500000000,23505250000000,1,2,1,2,23504250000000,23505500000000,6,1,6,1,23504000000000,23505750000000,7,2,7,2,23503750000000,23506000000000,4,3,4,3,23503500000000,23506250000000,4,4,4,4,23503250000000,23506500000000,5,9,5,7,23503000000000,23506750000000,4,3,4,3,23502750000000,23507000000000,2,3,2,3,23502500000000,23507250000000,4,2,4,2,23502250000000,23507500000000,4,3,4,3,NQ.c.0
2026-03-30 12:48:00+00:00,1774874939941224006,10,1,42004058,A,B,4,23503000000000,1,128,13025,28988590,23504000000000,23504750000000,1,2,1,2,23503750000000,23505000000000,2,5,2,5,23503500000000,23505250000000,4,3,4,3,23503250000000,23505500000000,2,4,2,4,23503000000000,23505750000000,4,4,4,4,23502750000000,23506000000000,3,3,3,3,23502500000000,23506250000000,2,2,2,2,23502250000000,23506500000000,3,3,3,3,23502000000000,23506750000000,4,4,4,4,23501750000000,23507000000000,4,4,4,4,NQ.c.0
2026-03-30 12:49:00+00:00,1774874999925495049,10,1,42004058,A,B,0,23509000000000,1,128,10766,29015517,23509000000000,23509750000000,2,1,2,1,23508750000000,23510000000000,1,3,1,3,23508500000000,23510250000000,3,3,3,3,23508250000000,23510500000000,3,1,3,1,23508000000000,23510750000000,3,3,3,3,23507750000000,23511000000000,1,5,1,5,23507500000000,23511250000000,3,4,3,4,23507250000000,23511500000000,2,2,2,2,23507000000000,23511750000000,3,3,3,3,23506750000000,23512000000000,2,5,2,5,NQ.c.0
2026-03-30 12:50:00+00:00,1774875059948873441,10,1,42004058,C,A,2,23492750000000,1,128,11361,29049918,23491500000000,23492250000000,2,1,2,1,23491250000000,23492500000000,5,1,5,1,23491000000000,23492750000000,2,3,2,3,23490750000000,23493000000000,4,3,4,3,23490500000000,23493250000000,8,3,8,3,23490250000000,23493500000000,5,3,5,3,23490000000000,23493750000000,5,4,5,4,23489750000000,23494000000000,3,4,3,4,23489500000000,23494250000000,3,4,3,4,23489250000000,23494500000000,4,4,4,4,NQ.c.0
2026-03-30 12:51:00+00:00,1774875119999324505,10,1,42004058,A,A,0,23497000000000,1,128,11331,29081023,23496750000000,23497000000000,2,1,1,1,23496250000000,23497250000000,2,1,2,1,23496000000000,23497500000000,3,3,3,3,23495750000000,23497750000000,1,3,1,3,23495500000000,23498000000000,3,5,3,5,23495250000000,23498250000000,4,3,4,3,23495000000000,23498500000000,4,2,4,2,23494750000000,23498750000000,6,2,6,2,23494500000000,23499000000000,5,5,5,5,23494250000000,23499250000000,5,2,5,2,NQ.c.0
2026-03-30 12:52:00+00:00,1774875179948957508,10,1,42004058,M,B,1,23501250000000,1,128,13197,29108018,23501500000000,23502250000000,1,1,1,1,23501250000000,23502500000000,3,4,3,4,23501000000000,23502750000000,2,3,2,3,23500750000000,23503000000000,2,4,2,4,23500500000000,23503250000000,4,4,4,4,23500250000000,23503500000000,5,2,5,2,23500000000000,23503750000000,6,3,6,3,23499750000000,23504000000000,4,6,4,6,23499500000000,23504250000000,5,4,5,4,23499250000000,23504500000000,4,2,4,2,NQ.c.0
2026-03-30 12:53:00+00:00,1774875239945091774,10,1,42004058,A,A,0,23501000000000,1,128,10991,29131804,23500250000000,23501000000000,2,1,2,1,23500000000000,23501250000000,3,1,3,1,23499750000000,23501500000000,3,4,3,4,23499500000000,23501750000000,2,4,2,4,23499250000000,23502000000000,4,5,4,5,23499000000000,23502250000000,3,3,3,3,23498750000000,23502500000000,3,4,3,4,23498500000000,23502750000000,4,2,4,2,23498250000000,23503000000000,6,6,6,6,23498000000000,23503250000000,5,5,5,5,NQ.c.0
2026-03-30 12:54:00+00:00,1774875299996752206,10,1,42004058,C,A,1,23497500000000,1,128,11117,29154796,23496500000000,23497250000000,1,1,1,1,23496250000000,23497500000000,2,3,2,3,23496000000000,23497750000000,2,8,2,3,23495750000000,23498000000000,3,3,3,3,23495500000000,23498250000000,3,4,3,4,23495250000000,23498500000000,4,4,4,4,23495000000000,23498750000000,5,2,5,2,23494750000000,23499000000000,3,5,3,5,23494500000000,23499250000000,3,3,3,3,23494250000000,23499500000000,3,5,3,5,NQ.c.0
2026-03-30 12:55:00+00:00,1774875359685274687,10,1,42004058,M,A,1,23498250000000,1,128,12452,29184545,23497250000000,23498000000000,1,1,1,1,23497000000000,23498250000000,3,4,3,4,23496750000000,23498500000000,2,5,2,5,23496500000000,23498750000000,2,6,2,6,23496250000000,23499000000000,3,3,3,3,23496000000000,23499250000000,4,4,4,4,23495750000000,23499500000000,2,4,2,4,23495500000000,23499750000000,3,5,3,5,23495250000000,23500000000000,4,4,4,4,23495000000000,23500250000000,6,4,6,4,NQ.c.0
2026-03-30 12:56:00+00:00,1774875419984745734,10,1,42004058,C,B,0,23504500000000,1,128,13120,29212384,23504250000000,23505250000000,1,2,1,2,23504000000000,23505500000000,2,4,2,4,23503750000000,23505750000000,1,5,1,5,23503500000000,23506000000000,1,5,1,5,23503250000000,23506250000000,4,5,4,5,23503000000000,23506500000000,3,3,3,3,23502750000000,23506750000000,2,4,2,4,23502500000000,23507000000000,3,5,3,5,23502250000000,23507250000000,6,3,6,3,23502000000000,23507500000000,3,4,3,4,NQ.c.0
2026-03-30 12:57:00+00:00,1774875479949827276,10,1,42004058,M,A,1,23501000000000,1,128,13067,29239254,23500000000000,23500750000000,1,1,1,1,23499750000000,23501000000000,3,4,3,4,23499500000000,23501250000000,3,4,3,4,23499250000000,23501500000000,3,6,3,6,23499000000000,23501750000000,2,3,2,3,23498750000000,23502000000000,3,6,3,6,23498500000000,23502250000000,4,4,4,4,23498250000000,23502500000000,5,5,5,5,23498000000000,23502750000000,5,3,5,3,23497750000000,23503000000000,4,5,4,5,NQ.c.0
2026-03-30 12:58:00+00:00,1774875539148899523,10,1,42004058,C,A,5,23507500000000,1,128,14838,29264150,23505500000000,23506250000000,1,2,1,2,23505250000000,23506500000000,3,3,3,3,23505000000000,23506750000000,4,3,4,3,23504750000000,23507000000000,3,2,3,2,23504500000000,23507250000000,3,3,3,3,23504250000000,23507500000000,4,5,4,5,23504000000000,23507750000000,6,4,6,4,23503750000000,23508000000000,3,6,3,6,23503500000000,23508250000000,3,6,3,6,23503250000000,23508500000000,4,4,4,4,NQ.c.0
2026-03-30 12:59:00+00:00,1774875599984871764,10,1,42004058,C,A,0,23506250000000,1,128,12820,29295842,23505750000000,23506500000000,1,2,1,2,23505500000000,23506750000000,3,4,3,4,23505250000000,23507000000000,4,3,4,3,23505000000000,23507250000000,4,4,4,4,23504750000000,23507500000000,3,5,3,5,23504500000000,23507750000000,3,4,3,4,23504250000000,23508000000000,4,6,4,6,23504000000000,23508250000000,4,7,4,7,23503750000000,23508500000000,4,5,4,5,23503500000000,23508750000000,2,1,2,1,NQ.c.0
2026-03-30 13:00:00+00:00,1774875659919183044,10,1,42004058,C,B,1,23515500000000,1,128,11174,29382994,23515750000000,23516500000000,1,1,1,1,23515500000000,23516750000000,3,2,3,2,23515250000000,23517000000000,13,3,4,3,23515000000000,23517250000000,3,2,3,2,23514750000000,23517500000000,2,2,2,2,23514500000000,23517750000000,3,3,3,3,23514250000000,23518000000000,3,1,3,1,23514000000000,23518250000000,3,3,3,3,23513750000000,23518500000000,5,3,5,3,23513500000000,23518750000000,4,3,4,3,NQ.c.0
2026-03-30 13:01:00+00:00,1774875719903166081,10,1,42004058,M,A,1,23512500000000,1,128,12907,29437963,23511500000000,23512250000000,2,1,2,1,23511250000000,23512500000000,2,4,2,4,23511000000000,23512750000000,5,5,5,5,23510750000000,23513000000000,6,4,6,3,23510500000000,23513250000000,2,3,2,3,23510250000000,23513500000000,4,3,4,3,23510000000000,23513750000000,2,3,2,3,23509750000000,23514000000000,6,2,5,2,23509500000000,23514250000000,2,3,2,3,23509250000000,23514500000000,3,4,3,4,NQ.c.0
2026-03-30 13:02:00+00:00,1774875779993319564,10,1,42004058,C,B,1,23517500000000,1,128,13011,29478955,23517750000000,23518500000000,1,1,1,1,23517500000000,23518750000000,2,3,2,3,23517250000000,23519000000000,3,11,3,2,23517000000000,23519250000000,2,1,2,1,23516750000000,23519750000000,3,4,3,4,23516500000000,23520000000000,3,5,3,5,23516250000000,23520250000000,1,3,1,3,23516000000000,23520500000000,4,2,4,2,23515750000000,23520750000000,2,3,2,3,23515500000000,23521000000000,3,6,3,6,NQ.c.0
2026-03-30 13:03:00+00:00,1774875839877875183,10,1,42004058,A,B,0,23513500000000,1,128,11740,29514009,23513500000000,23514250000000,1,1,1,1,23513250000000,23514500000000,2,3,2,3,23513000000000,23514750000000,4,2,4,2,23512750000000,23515000000000,2,2,2,2,23512500000000,23515250000000,2,3,2,3,23512250000000,23515500000000,3,5,3,5,23512000000000,23515750000000,4,3,4,3,23511750000000,23516000000000,5,5,5,5,23511500000000,23516250000000,4,3,4,3,23511250000000,23516500000000,5,5,5,5,NQ.c.0
2026-03-30 13:04:00+00:00,1774875899996936246,10,1,42004058,A,B,1,23502250000000,1,128,11520,29554498,23502500000000,23503250000000,1,1,1,1,23502250000000,23503500000000,3,2,3,2,23502000000000,23503750000000,3,3,3,3,23501750000000,23504000000000,3,4,3,4,23501500000000,23504500000000,5,2,5,2,23501250000000,23504750000000,4,3,4,3,23501000000000,23505000000000,5,2,5,2,23500750000000,23505250000000,7,4,7,4,23500500000000,23505500000000,6,4,6,4,23500250000000,23505750000000,4,4,4,4,NQ.c.0
2026-03-30 13:05:00+00:00,1774875959843273079,10,1,42004058,C,B,0,23494250000000,1,128,12897,29610977,23494000000000,23494750000000,2,1,2,1,23493750000000,23495000000000,3,2,3,2,23493500000000,23495250000000,3,3,3,3,23493250000000,23495500000000,3,3,3,3,23493000000000,23495750000000,3,2,3,2,23492750000000,23496000000000,6,4,6,4,23492500000000,23496250000000,3,4,3,4,23492250000000,23496500000000,4,4,4,4,23492000000000,23496750000000,7,3,7,3,23491750000000,23497000000000,5,5,5,5,NQ.c.0
2026-03-30 13:06:00+00:00,1774876019994074950,10,1,42004058,A,A,0,23495500000000,1,128,11248,29665372,23494750000000,23495500000000,3,1,3,1,23494500000000,23495750000000,4,2,4,2,23494250000000,23496000000000,4,5,4,5,23494000000000,23496250000000,5,3,5,3,23493750000000,23496500000000,5,3,5,3,23493500000000,23496750000000,4,2,4,2,23493250000000,23497000000000,3,2,3,2,23493000000000,23497250000000,3,3,3,3,23492750000000,23497500000000,5,4,5,4,23492500000000,23497750000000,3,4,3,4,NQ.c.0
2026-03-30 13:07:00+00:00,1774876079991631043,10,1,42004058,M,B,2,23505250000000,1,128,11775,29709212,23505750000000,23506500000000,1,1,1,1,23505500000000,23506750000000,2,2,2,2,23505250000000,23507000000000,3,3,3,3,23505000000000,23507250000000,2,2,2,2,23504750000000,23507500000000,2,2,2,2,23504500000000,23507750000000,3,3,3,3,23504250000000,23508000000000,2,5,2,5,23504000000000,23508250000000,5,3,5,3,23503750000000,23508500000000,2,4,2,4,23503500000000,23508750000000,3,3,3,3,NQ.c.0
2026-03-30 13:08:00+00:00,1774876139993906729,10,1,42004058,C,B,0,23483250000000,1,128,11194,29776655,23483250000000,23484000000000,3,1,3,1,23483000000000,23484250000000,4,5,4,1,23482750000000,23484500000000,4,3,4,3,23482500000000,23484750000000,4,2,4,2,23482250000000,23485000000000,5,5,5,5,23482000000000,23485250000000,4,4,4,4,23481750000000,23485500000000,1,3,1,3,23481500000000,23485750000000,4,4,4,4,23481250000000,23486000000000,5,5,5,5,23481000000000,23486250000000,6,6,6,6,NQ.c.0
2026-03-30 13:09:00+00:00,1774876199980219431,10,1,42004058,M,B,0,23487500000000,1,128,12727,29827408,23487500000000,23488500000000,2,1,2,1,23487250000000,23488750000000,5,3,5,3,23487000000000,23489000000000,5,1,5,1,23486750000000,23489250000000,3,4,3,4,23486500000000,23489500000000,4,4,4,4,23486250000000,23489750000000,3,15,3,2,23486000000000,23490000000000,5,2,5,2,23485750000000,23490250000000,3,2,3,2,23485500000000,23490500000000,5,1,5,1,23485250000000,23490750000000,5,6,5,4,NQ.c.0
2026-03-30 13:10:00+00:00,1774876259996619990,10,1,42004058,A,B,0,23495500000000,1,128,11285,29873062,23495500000000,23496250000000,1,1,1,1,23495250000000,23496500000000,2,3,2,3,23495000000000,23496750000000,5,3,5,3,23494750000000,23497000000000,5,3,5,3,23494500000000,23497250000000,3,4,3,4,23494250000000,23497500000000,4,3,4,3,23494000000000,23497750000000,4,5,4,4,23493750000000,23498000000000,5,4,5,4,23493500000000,23498250000000,3,5,3,5,23493250000000,23498500000000,4,4,4,4,NQ.c.0
2026-03-30 13:11:00+00:00,1774876319825086665,10,1,42004058,C,B,0,23493500000000,1,128,12621,29922685,23493500000000,23494500000000,1,1,1,1,23493250000000,23494750000000,2,4,2,4,23493000000000,23495000000000,2,4,2,4,23492750000000,23495250000000,3,3,3,3,23492500000000,23495500000000,3,2,3,2,23492250000000,23495750000000,3,4,3,4,23492000000000,23496000000000,6,6,6,6,23491750000000,23496250000000,4,4,4,4,23491500000000,23496500000000,3,3,3,3,23491250000000,23496750000000,3,3,3,3,NQ.c.0
2026-03-30 13:12:00+00:00,1774876379938150836,10,1,42004058,A,A,0,23499000000000,1,128,12678,29967883,23498500000000,23499000000000,3,1,1,1,23498000000000,23499250000000,1,2,1,2,23497750000000,23499500000000,5,3,5,3,23497500000000,23499750000000,3,2,3,2,23497250000000,23500000000000,4,6,4,6,23497000000000,23500250000000,6,3,6,3,23496750000000,23500500000000,2,4,2,4,23496500000000,23500750000000,3,3,3,3,23496250000000,23501000000000,4,5,4,5,23496000000000,23501250000000,6,5,6,5,NQ.c.0
2026-03-30 13:13:00+00:00,1774876439907883961,10,1,42004058,M,A,4,23892000000000,1,128,13121,30008568,23505750000000,23506500000000,2,1,2,1,23505500000000,23506750000000,4,3,4,3,23505250000000,23507000000000,2,6,2,6,23505000000000,23507250000000,4,2,4,2,23504750000000,23507500000000,3,4,3,4,23504500000000,23507750000000,4,2,4,2,23504250000000,23508000000000,3,6,3,6,23504000000000,23508250000000,6,4,6,4,23503750000000,23508500000000,3,5,3,5,23503500000000,23508750000000,3,4,3,4,NQ.c.0
2026-03-30 13:14:00+00:00,1774876499953859435,10,1,42004058,A,B,1,23502500000000,1,128,13056,30043821,23502750000000,23503500000000,1,2,1,2,23502500000000,23503750000000,4,2,4,2,23502250000000,23504000000000,4,4,4,4,23502000000000,23504250000000,5,3,5,3,23501750000000,23504500000000,4,4,4,4,23501500000000,23504750000000,5,5,5,5,23501250000000,23505000000000,5,4,5,4,23501000000000,23505250000000,5,3,5,3,23500750000000,23505500000000,4,6,4,6,23500500000000,23505750000000,4,6,4,6,NQ.c.0
2026-03-30 13:15:00+00:00,1774876559991252473,10,1,42004058,A,B,1,23500000000000,1,128,11746,30108490,23500250000000,23501000000000,1,1,1,1,23500000000000,23501250000000,2,4,2,4,23499750000000,23501500000000,3,4,3,4,23499500000000,23501750000000,6,5,6,5,23499250000000,23502000000000,4,3,4,3,23499000000000,23502250000000,3,5,3,5,23498750000000,23502500000000,2,4,2,4,23498500000000,23502750000000,3,3,3,3,23498250000000,23503000000000,4,5,4,5,23498000000000,23503250000000,5,5,5,5,NQ.c.0
2026-03-30 13:16:00+00:00,1774876619956166934,10,1,42004058,C,A,0,23510250000000,1,128,11195,30167759,23509750000000,23510500000000,1,2,1,2,23509500000000,23510750000000,2,3,2,3,23509250000000,23511000000000,4,2,4,2,23509000000000,23511250000000,3,2,3,2,23508750000000,23511500000000,22,4,3,4,23508500000000,23511750000000,2,5,2,5,23508250000000,23512000000000,4,6,4,6,23508000000000,23512250000000,3,4,3,4,23507750000000,23512500000000,3,2,3,2,23507500000000,23512750000000,22,5,3,5,NQ.c.0
2026-03-30 13:17:00+00:00,1774876679923479817,10,1,42004058,A,A,3,23512000000000,1,128,12303,30216433,23510500000000,23511250000000,1,1,1,1,23510250000000,23511500000000,4,2,4,2,23510000000000,23511750000000,5,5,5,5,23509750000000,23512000000000,4,5,4,5,23509500000000,23512250000000,3,4,3,4,23509250000000,23512500000000,3,5,3,5,23509000000000,23512750000000,4,6,4,6,23508750000000,23513000000000,2,4,2,4,23508500000000,23513250000000,5,4,5,4,23508250000000,23513500000000,7,4,7,4,NQ.c.0
2026-03-30 13:18:00+00:00,1774876739941256108,10,1,42004058,C,B,0,23508250000000,1,128,14217,30260404,23508250000000,23509000000000,1,1,1,1,23508000000000,23509250000000,4,2,4,2,23507750000000,23509500000000,2,3,2,3,23507500000000,23509750000000,3,2,3,2,23507250000000,23510000000000,2,1,2,1,23507000000000,23510250000000,5,4,5,4,23506750000000,23510500000000,3,4,2,4,23506500000000,23510750000000,4,2,4,2,23506250000000,23511000000000,3,4,3,4,23506000000000,23511250000000,4,5,4,5,NQ.c.0
2026-03-30 13:19:00+00:00,1774876799904848520,10,1,42004058,A,A,4,23511000000000,1,128,12542,30289411,23509250000000,23510000000000,1,1,1,1,23509000000000,23510250000000,4,3,4,3,23508750000000,23510500000000,2,4,2,4,23508500000000,23510750000000,3,3,3,3,23508250000000,23511000000000,2,4,2,4,23508000000000,23511250000000,3,4,3,4,23507750000000,23511500000000,2,4,2,4,23507500000000,23511750000000,2,4,2,4,23507250000000,23512000000000,2,5,2,5,23507000000000,23512250000000,4,5,4,5,NQ.c.0
2026-03-30 13:20:00+00:00,1774876859984801972,10,1,42004058,A,B,0,23507750000000,1,128,12657,30326345,23507750000000,23508500000000,1,1,1,1,23507500000000,23508750000000,2,2,2,2,23507250000000,23509000000000,1,3,1,3,23507000000000,23509250000000,4,4,3,4,23506750000000,23509500000000,2,4,2,4,23506500000000,23509750000000,4,4,4,4,23506250000000,23510000000000,6,4,4,4,23506000000000,23510250000000,5,4,5,4,23505750000000,23510500000000,6,5,6,5,23505500000000,23510750000000,4,4,4,4,NQ.c.0
2026-03-30 13:21:00+00:00,1774876919941585902,10,1,42004058,M,B,0,23438750000000,1,128,12062,30377330,23514250000000,23515000000000,2,1,2,1,23514000000000,23515250000000,4,1,4,1,23513750000000,23515500000000,4,3,4,3,23513500000000,23515750000000,4,3,4,3,23513250000000,23516000000000,3,4,3,4,23513000000000,23516250000000,4,2,4,2,23512750000000,23516500000000,6,4,6,4,23512500000000,23516750000000,3,3,3,3,23512250000000,23517000000000,4,3,4,3,23512000000000,23517250000000,4,3,4,3,NQ.c.0
2026-03-30 13:22:00+00:00,1774876979977850830,10,1,42004058,C,B,0,23511000000000,1,128,11397,30421655,23510750000000,23511750000000,3,1,3,1,23510500000000,23512000000000,7,2,5,2,23510250000000,23512250000000,4,3,4,3,23510000000000,23512500000000,18,5,9,5,23509750000000,23512750000000,5,2,5,2,23509500000000,23513000000000,3,2,3,2,23509250000000,23513250000000,5,3,5,3,23509000000000,23513500000000,4,3,4,3,23508750000000,23513750000000,3,4,3,4,23508500000000,23514000000000,6,3,6,3,NQ.c.0
2026-03-30 13:23:00+00:00,1774877039995000033,10,1,42004058,A,A,3,23518000000000,1,128,13312,30450992,23516500000000,23517250000000,3,2,3,2,23516250000000,23517500000000,6,4,6,4,23516000000000,23517750000000,6,4,6,4,23515750000000,23518000000000,3,4,3,4,23515500000000,23518250000000,14,4,5,4,23515250000000,23518500000000,6,5,6,5,23515000000000,23518750000000,5,3,5,3,23514750000000,23519000000000,3,14,3,5,23514500000000,23519250000000,4,5,4,5,23514250000000,23519500000000,3,3,3,3,NQ.c.0
2026-03-30 13:24:00+00:00,1774877099996906412,10,1,42004058,M,B,1,23436500000000,1,128,10838,30486328,23512500000000,23513250000000,1,1,1,1,23512250000000,23513500000000,1,4,1,4,23512000000000,23513750000000,6,4,6,4,23511750000000,23514000000000,3,2,3,2,23511500000000,23514250000000,4,4,4,4,23511250000000,23514500000000,3,3,3,3,23511000000000,23514750000000,5,2,5,2,23510750000000,23515000000000,4,4,4,4,23510500000000,23515250000000,3,5,3,5,23510250000000,23515500000000,6,4,6,4,NQ.c.0
2026-03-30 13:25:00+00:00,1774877159831117001,10,1,42004058,A,A,0,23513000000000,1,128,11628,30555161,23512500000000,23513000000000,1,1,1,1,23512250000000,23513250000000,1,3,1,2,23512000000000,23513500000000,2,3,2,3,23511750000000,23513750000000,3,3,3,3,23511500000000,23514000000000,2,3,2,3,23511250000000,23514250000000,4,3,4,3,23511000000000,23514500000000,4,2,4,2,23510750000000,23514750000000,3,3,3,3,23510500000000,23515000000000,6,3,6,3,23510250000000,23515250000000,5,5,5,5,NQ.c.0
2026-03-30 13:26:00+00:00,1774877219974423492,10,1,42004058,A,B,0,23508000000000,1,128,12556,30600811,23508000000000,23508750000000,1,2,1,2,23507750000000,23509000000000,2,3,2,3,23507500000000,23509250000000,5,3,5,3,23507250000000,23509500000000,4,3,4,3,23507000000000,23509750000000,5,3,5,3,23506750000000,23510000000000,3,2,3,2,23506500000000,23510250000000,6,4,5,4,23506250000000,23510500000000,3,3,3,3,23506000000000,23510750000000,3,2,3,2,23505750000000,23511000000000,5,4,5,4,NQ.c.0
2026-03-30 13:27:00+00:00,1774877280000089388,10,1,42004058,M,B,7,23494750000000,1,128,11267,30657036,23496500000000,23497250000000,2,1,2,1,23496250000000,23497500000000,2,2,2,2,23496000000000,23497750000000,3,4,3,4,23495750000000,23498000000000,4,5,4,5,23495500000000,23498250000000,5,5,5,5,23495250000000,23498500000000,4,3,4,3,23495000000000,23498750000000,5,2,5,2,23494750000000,23499000000000,6,2,6,2,23494500000000,23499250000000,4,4,4,4,23494250000000,23499500000000,7,5,7,5,NQ.c.0
2026-03-30 13:28:00+00:00,1774877339691298964,10,1,42004058,A,B,5,23510500000000,1,128,14719,30728032,23511750000000,23512500000000,1,2,1,2,23511500000000,23512750000000,1,4,1,4,23511250000000,23513000000000,3,7,3,5,23511000000000,23513250000000,4,5,2,5,23510750000000,23513500000000,3,3,3,3,23510500000000,23513750000000,3,4,3,4,23510250000000,23514000000000,3,3,3,3,23510000000000,23514250000000,3,3,3,3,23509750000000,23514500000000,3,3,3,3,23509500000000,23514750000000,2,4,2,4,NQ.c.0
2026-03-30 13:29:00+00:00,1774877399999901131,10,1,42004058,A,A,1,23510000000000,1,128,12297,30813539,23509000000000,23509750000000,1,1,1,1,23508750000000,23510000000000,4,2,4,2,23508500000000,23510250000000,4,6,4,5,23508250000000,23510500000000,5,4,5,4,23508000000000,23510750000000,4,3,4,3,23507750000000,23511000000000,3,5,3,5,23507500000000,23511250000000,4,5,4,5,23507250000000,23511500000000,3,4,3,4,23507000000000,23511750000000,4,5,4,5,23506750000000,23512000000000,2,5,2,5,NQ.c.0
2026-03-30 13:30:00+00:00,1774877459997149326,10,1,42004058,A,A,1,23486500000000,1,128,14820,31370084,23485500000000,23486250000000,2,3,2,3,23485250000000,23486500000000,2,3,2,3,23485000000000,23486750000000,4,5,4,5,23484750000000,23487000000000,5,7,5,7,23484500000000,23487250000000,4,5,4,5,23484250000000,23487500000000,2,5,2,5,23484000000000,23487750000000,5,5,5,5,23483750000000,23488000000000,5,7,5,7,23483500000000,23488250000000,10,5,6,5,23483250000000,23488500000000,4,4,4,4,NQ.c.0
2026-03-30 13:31:00+00:00,1774877519991268879,10,1,42004058,A,A,3,23535500000000,1,128,16575,31887369,23534000000000,23534750000000,1,1,1,1,23533750000000,23535000000000,4,1,4,1,23533500000000,23535250000000,4,4,4,4,23533250000000,23535500000000,3,4,3,4,23533000000000,23535750000000,3,4,3,4,23532750000000,23536000000000,4,7,4,7,23532500000000,23536250000000,5,4,5,4,23532250000000,23536500000000,3,6,3,6,23532000000000,23536750000000,5,7,5,7,23531750000000,23537000000000,8,7,7,7,NQ.c.0
2026-03-30 13:32:00+00:00,1774877579995606180,10,1,42004058,A,A,0,23504750000000,1,128,13700,32261879,23504000000000,23504750000000,3,1,3,1,23503750000000,23505000000000,3,2,3,2,23503500000000,23505250000000,5,4,5,4,23503250000000,23505750000000,4,3,4,3,23503000000000,23506000000000,4,5,4,5,23502750000000,23506250000000,4,5,4,5,23502500000000,23506500000000,5,3,5,3,23502250000000,23506750000000,3,3,3,3,23502000000000,23507000000000,4,4,4,4,23501750000000,23507250000000,5,2,5,2,NQ.c.0
2026-03-30 13:33:00+00:00,1774877639991317215,10,1,42004058,C,B,2,23491250000000,1,128,10040,32603289,23491750000000,23492500000000,1,2,1,2,23491500000000,23492750000000,1,3,1,3,23491250000000,23493000000000,4,2,4,2,23491000000000,23493250000000,3,2,3,2,23490750000000,23493500000000,4,2,4,2,23490500000000,23493750000000,4,2,4,2,23490250000000,23494000000000,3,4,3,4,23490000000000,23494250000000,7,3,6,3,23489750000000,23494500000000,4,2,4,2,23489500000000,23494750000000,1,5,1,5,NQ.c.0
2026-03-30 13:34:00+00:00,1774877699999160998,10,1,42004058,A,A,0,23463750000000,1,128,13025,32979344,23463000000000,23463750000000,2,1,2,1,23462750000000,23464000000000,1,6,1,2,23462500000000,23464250000000,3,4,3,4,23462250000000,23464500000000,3,4,3,4,23462000000000,23464750000000,4,3,4,3,23461750000000,23465000000000,4,4,4,4,23461500000000,23465250000000,3,4,3,4,23461250000000,23465500000000,3,3,3,3,23461000000000,23465750000000,5,5,5,5,23460750000000,23466000000000,4,8,4,7,NQ.c.0
2026-03-30 13:35:00+00:00,1774877759989969044,10,1,42004058,M,A,5,23445750000000,1,128,11080,33374273,23443500000000,23444500000000,3,2,3,2,23443250000000,23444750000000,3,3,3,3,23443000000000,23445000000000,14,2,5,2,23442750000000,23445250000000,6,3,6,3,23442500000000,23445500000000,3,6,3,6,23442250000000,23445750000000,6,5,5,5,23442000000000,23446000000000,7,6,7,6,23441750000000,23446250000000,3,3,3,3,23441500000000,23446500000000,4,6,4,6,23441250000000,23446750000000,3,3,3,3,NQ.c.0
2026-03-30 13:36:00+00:00,1774877819990518263,10,1,42004058,A,A,1,23427250000000,1,128,12407,33763931,23426500000000,23427000000000,1,1,1,1,23426250000000,23427250000000,2,3,2,3,23426000000000,23427500000000,2,3,2,3,23425750000000,23427750000000,5,2,5,2,23425500000000,23428000000000,4,6,4,6,23425250000000,23428250000000,5,3,5,3,23425000000000,23428500000000,6,4,6,4,23424750000000,23428750000000,5,5,5,5,23424500000000,23429000000000,7,5,7,5,23424250000000,23429250000000,6,7,6,7,NQ.c.0
2026-03-30 13:37:00+00:00,1774877879993023305,10,1,42004058,A,A,0,23432750000000,1,128,10975,34137646,23432000000000,23432750000000,2,1,2,1,23431750000000,23433000000000,5,1,5,1,23431500000000,23433250000000,3,2,3,2,23431250000000,23433500000000,3,2,3,2,23431000000000,23433750000000,2,2,2,2,23430750000000,23434000000000,4,3,4,3,23430500000000,23434250000000,5,2,5,2,23430250000000,23434500000000,6,4,6,4,23430000000000,23434750000000,6,3,6,3,23429750000000,23435000000000,3,3,3,3,NQ.c.0
2026-03-30 13:38:00+00:00,1774877939998152299,10,1,42004058,A,A,0,23414750000000,1,128,10977,34518796,23414000000000,23414750000000,2,1,2,1,23413750000000,23415000000000,4,1,4,1,23413500000000,23415250000000,3,6,3,6,23413250000000,23415500000000,4,3,4,3,23413000000000,23415750000000,3,3,3,3,23412750000000,23416000000000,4,6,4,6,23412500000000,23416250000000,6,4,6,4,23412250000000,23416500000000,5,4,5,4,23412000000000,23416750000000,10,5,9,5,23411750000000,23417000000000,6,5,6,5,NQ.c.0
2026-03-30 13:39:00+00:00,1774877999998354293,10,1,42004058,A,A,0,23424500000000,1,128,11589,34848847,23423750000000,23424500000000,1,1,1,1,23423500000000,23424750000000,2,2,2,2,23423250000000,23425000000000,3,3,3,3,23423000000000,23425250000000,3,3,3,3,23422750000000,23425500000000,3,2,3,2,23422500000000,23425750000000,6,3,6,3,23422250000000,23426000000000,3,4,3,4,23422000000000,23426250000000,12,4,3,4,23421750000000,23426500000000,4,3,4,3,23421500000000,23426750000000,3,2,3,2,NQ.c.0
2026-03-30 13:40:00+00:00,1774878059994608428,10,1,42004058,M,A,1,23464000000000,1,128,12697,35229294,23387500000000,23388250000000,2,2,2,2,23387250000000,23388500000000,2,3,2,3,23387000000000,23388750000000,4,3,4,3,23386750000000,23389000000000,2,5,2,5,23386500000000,23389250000000,2,3,2,3,23386250000000,23389500000000,3,3,3,3,23386000000000,23389750000000,4,1,4,1,23385750000000,23390000000000,4,4,4,4,23385500000000,23390250000000,12,4,3,4,23385250000000,23390500000000,4,5,4,5,NQ.c.0
2026-03-30 13:41:00+00:00,1774878119993408897,10,1,42004058,A,B,3,23376500000000,1,128,14372,35619775,23377250000000,23378000000000,1,2,1,2,23377000000000,23378250000000,5,3,5,3,23376750000000,23378500000000,4,3,4,3,23376500000000,23378750000000,3,4,3,4,23376250000000,23379000000000,4,5,3,5,23376000000000,23379250000000,6,5,6,5,23375750000000,23379500000000,6,3,6,3,23375500000000,23379750000000,5,4,5,4,23375250000000,23380000000000,7,6,7,6,23375000000000,23380250000000,5,5,5,5,NQ.c.0
2026-03-30 13:42:00+00:00,1774878179936965076,10,1,42004058,A,A,0,23397000000000,1,128,12473,35972560,23396250000000,23397000000000,1,2,1,2,23396000000000,23397250000000,3,3,3,3,23395750000000,23397500000000,4,4,4,4,23395500000000,23397750000000,2,4,2,4,23395250000000,23398000000000,4,3,4,3,23395000000000,23398250000000,9,2,3,2,23394750000000,23398500000000,3,3,3,3,23394500000000,23398750000000,4,5,4,5,23394250000000,23399000000000,5,5,5,5,23394000000000,23399250000000,6,2,6,2,NQ.c.0
2026-03-30 13:43:00+00:00,1774878239999802225,10,1,42004058,C,A,0,23395000000000,1,128,11125,36352503,23394250000000,23395000000000,1,1,1,1,23393750000000,23395250000000,4,1,4,1,23393500000000,23395500000000,4,4,4,4,23393250000000,23395750000000,4,3,4,3,23393000000000,23396000000000,5,5,5,5,23392750000000,23396250000000,4,3,4,3,23392500000000,23396500000000,4,3,4,3,23392250000000,23396750000000,4,3,4,3,23392000000000,23397000000000,5,3,5,3,23391750000000,23397250000000,5,3,5,3,NQ.c.0
2026-03-30 13:44:00+00:00,1774878299996443051,10,1,42004058,C,B,0,23393250000000,1,128,12789,36669921,23393000000000,23393750000000,1,1,1,1,23392750000000,23394000000000,3,3,3,3,23392500000000,23394250000000,4,3,4,3,23392250000000,23394500000000,3,3,3,3,23392000000000,23394750000000,8,3,8,3,23391750000000,23395000000000,4,4,4,4,23391500000000,23395250000000,4,3,4,3,23391250000000,23395500000000,3,3,3,3,23391000000000,23395750000000,4,3,4,3,23390750000000,23396000000000,4,4,4,4,NQ.c.0
2026-03-30 13:45:00+00:00,1774878359998114935,10,1,42004058,C,B,0,23394500000000,1,128,10914,37104720,23394500000000,23395500000000,4,2,4,2,23394250000000,23395750000000,4,4,4,4,23394000000000,23396000000000,2,1,2,1,23393750000000,23396250000000,5,3,5,3,23393500000000,23396500000000,4,4,4,4,23393250000000,23396750000000,5,4,5,4,23393000000000,23397000000000,3,5,3,5,23392750000000,23397250000000,3,4,3,4,23392500000000,23397500000000,2,3,2,3,23392250000000,23397750000000,3,5,3,5,NQ.c.0
2026-03-30 13:46:00+00:00,1774878419998538853,10,1,42004058,A,A,2,23364500000000,1,128,12415,37504818,23363250000000,23364000000000,2,1,2,1,23363000000000,23364250000000,4,2,4,1,23362750000000,23364500000000,5,4,1,4,23362500000000,23364750000000,2,3,2,3,23362250000000,23365000000000,1,5,1,5,23362000000000,23365250000000,4,3,4,3,23361750000000,23365500000000,2,3,2,3,23361500000000,23365750000000,5,5,5,5,23361250000000,23366000000000,6,9,6,5,23361000000000,23366250000000,5,5,5,5,NQ.c.0
2026-03-30 13:47:00+00:00,1774878479988014748,10,1,42004058,A,A,3,23368000000000,1,128,12493,37869261,23366500000000,23367250000000,1,2,1,2,23366250000000,23367500000000,2,3,2,3,23366000000000,23367750000000,3,2,3,2,23365750000000,23368000000000,3,4,3,4,23365500000000,23368250000000,4,2,4,2,23365250000000,23368500000000,3,3,3,3,23365000000000,23368750000000,4,2,4,2,23364750000000,23369000000000,4,2,4,2,23364500000000,23369250000000,4,4,4,4,23364250000000,23369500000000,4,5,4,5,NQ.c.0
2026-03-30 13:48:00+00:00,1774878539991410092,10,1,42004058,C,A,0,23374750000000,1,128,11676,38221408,23374000000000,23374750000000,1,1,1,1,23373750000000,23375000000000,1,2,1,2,23373500000000,23375250000000,3,3,3,3,23373250000000,23375500000000,4,3,4,3,23373000000000,23375750000000,2,3,2,3,23372750000000,23376000000000,2,5,2,5,23372500000000,23376250000000,6,3,6,3,23372250000000,23376500000000,7,3,5,3,23372000000000,23376750000000,6,5,6,5,23371750000000,23377000000000,6,4,6,4,NQ.c.0
2026-03-30 13:49:00+00:00,1774878599982893894,10,1,42004058,M,A,6,23753250000000,1,128,13075,38551961,23358250000000,23359000000000,2,1,2,1,23358000000000,23359250000000,4,2,4,2,23357750000000,23359500000000,2,3,2,3,23357500000000,23359750000000,3,3,3,3,23357250000000,23360000000000,4,7,4,7,23357000000000,23360250000000,5,6,5,6,23356750000000,23360500000000,3,5,3,5,23356500000000,23360750000000,5,4,5,4,23356250000000,23361000000000,2,5,2,5,23356000000000,23361250000000,5,7,5,7,NQ.c.0
2026-03-30 13:50:00+00:00,1774878659998430875,10,1,42004058,C,B,0,23357750000000,1,128,9980,38903597,23357500000000,23358250000000,2,1,2,1,23357250000000,23358500000000,2,4,2,4,23357000000000,23358750000000,4,7,4,5,23356750000000,23359000000000,3,3,3,3,23356500000000,23359250000000,4,2,4,2,23356250000000,23359500000000,4,2,4,2,23356000000000,23359750000000,7,4,7,4,23355750000000,23360000000000,4,8,4,8,23355500000000,23360250000000,3,5,3,5,23355250000000,23360500000000,5,7,5,7,NQ.c.0
2026-03-30 13:51:00+00:00,1774878719998203350,10,1,42004058,M,B,4,23290000000000,1,128,11177,39246371,23365250000000,23366000000000,1,2,1,2,23365000000000,23366250000000,4,2,4,2,23364750000000,23366500000000,4,3,4,3,23364500000000,23366750000000,4,2,4,2,23364250000000,23367000000000,4,3,4,3,23364000000000,23367250000000,5,2,5,2,23363750000000,23367500000000,3,4,3,4,23363500000000,23367750000000,5,2,5,2,23363250000000,23368000000000,4,3,4,3,23363000000000,23368250000000,7,2,5,2,NQ.c.0
2026-03-30 13:52:00+00:00,1774878779999986963,10,1,42004058,A,B,0,23372750000000,1,128,10937,39559435,23372750000000,23373500000000,1,1,1,1,23372500000000,23373750000000,2,3,2,3,23372250000000,23374000000000,2,3,2,3,23372000000000,23374250000000,3,2,3,2,23371750000000,23374500000000,3,3,3,3,23371500000000,23374750000000,3,4,3,4,23371250000000,23375000000000,4,21,4,2,23371000000000,23375250000000,4,4,4,4,23370750000000,23375500000000,4,2,4,2,23370500000000,23375750000000,5,6,5,6,NQ.c.0
2026-03-30 13:53:00+00:00,1774878839997690666,10,1,42004058,C,B,0,23356000000000,1,128,12670,39912059,23356000000000,23356750000000,1,2,1,2,23355750000000,23357000000000,1,2,1,2,23355500000000,23357250000000,3,3,3,3,23355250000000,23357500000000,3,3,3,3,23355000000000,23357750000000,1,3,1,3,23354750000000,23358000000000,1,3,1,3,23354500000000,23358250000000,1,2,1,2,23354250000000,23358500000000,4,4,4,4,23354000000000,23358750000000,4,4,4,4,23353750000000,23359000000000,3,3,3,3,NQ.c.0
2026-03-30 13:54:00+00:00,1774878899991211751,10,1,42004058,A,B,2,23342500000000,1,128,11045,40212872,23343000000000,23343500000000,3,1,3,1,23342750000000,23343750000000,4,1,4,1,23342500000000,23344000000000,4,3,4,3,23342250000000,23344250000000,4,3,4,3,23342000000000,23344500000000,4,5,4,5,23341750000000,23344750000000,5,4,5,4,23341500000000,23345000000000,5,3,4,3,23341250000000,23345250000000,9,5,5,5,23341000000000,23345500000000,3,3,3,3,23340750000000,23345750000000,13,4,5,4,NQ.c.0
2026-03-30 13:55:00+00:00,1774878959998933585,10,1,42004058,A,B,3,23328000000000,1,128,12472,40581815,23328750000000,23329500000000,2,2,2,2,23328500000000,23329750000000,4,1,4,1,23328250000000,23330000000000,2,4,2,4,23328000000000,23330250000000,5,3,5,3,23327750000000,23330500000000,3,4,3,4,23327500000000,23330750000000,3,4,3,4,23327250000000,23331000000000,5,3,5,3,23327000000000,23331250000000,4,3,4,3,23326750000000,23331500000000,3,3,3,3,23326500000000,23331750000000,3,6,3,6,NQ.c.0
2026-03-30 13:56:00+00:00,1774879019993322011,10,1,42004058,C,B,0,23315750000000,1,128,10840,40899808,23315500000000,23316250000000,5,1,3,1,23315250000000,23316500000000,3,4,3,4,23315000000000,23316750000000,3,5,3,1,23314750000000,23317000000000,3,4,3,4,23314500000000,23317250000000,2,4,2,4,23314250000000,23317500000000,5,9,5,4,23314000000000,23317750000000,5,4,5,4,23313750000000,23318000000000,5,4,5,4,23313500000000,23318250000000,4,2,4,2,23313250000000,23318500000000,4,3,2,3,NQ.c.0
2026-03-30 13:57:00+00:00,1774879079998025361,10,1,42004058,A,A,2,23311500000000,1,128,12525,41186303,23310250000000,23311000000000,2,1,2,1,23310000000000,23311250000000,3,2,3,2,23309750000000,23311500000000,2,5,2,5,23309500000000,23311750000000,4,3,4,3,23309250000000,23312000000000,2,4,2,4,23309000000000,23312250000000,3,4,3,4,23308750000000,23312500000000,4,5,4,5,23308500000000,23312750000000,4,4,4,3,23308250000000,23313000000000,4,5,4,5,23308000000000,23313250000000,6,3,6,3,NQ.c.0
2026-03-30 13:58:00+00:00,1774879139995968734,10,1,42004058,C,B,0,23304500000000,1,128,12648,41472467,23304250000000,23305000000000,2,1,2,1,23304000000000,23305250000000,4,3,4,3,23303750000000,23305500000000,4,4,4,4,23303500000000,23305750000000,5,3,5,3,23303250000000,23306000000000,5,2,5,2,23303000000000,23306250000000,5,6,5,6,23302750000000,23306500000000,4,3,4,3,23302500000000,23306750000000,5,5,5,5,23302250000000,23307000000000,5,5,5,5,23302000000000,23307250000000,5,4,5,4,NQ.c.0
2026-03-30 13:59:00+00:00,1774879199999429434,10,1,42004058,M,B,7,23300500000000,1,128,12583,41757282,23302250000000,23302750000000,2,1,2,1,23302000000000,23303000000000,4,1,4,1,23301750000000,23303250000000,4,5,4,5,23301500000000,23303500000000,5,2,5,2,23301250000000,23303750000000,5,2,5,2,23301000000000,23304000000000,6,4,6,4,23300750000000,23304250000000,4,5,4,5,23300500000000,23304500000000,8,4,6,4,23300250000000,23304750000000,5,6,5,6,23300000000000,23305000000000,7,5,7,5,NQ.c.0
2026-03-30 14:00:00+00:00,1774879259998348555,10,1,42004058,A,B,2,23320500000000,1,128,13156,42217366,23321000000000,23321750000000,2,1,2,1,23320750000000,23322000000000,5,1,5,1,23320500000000,23322250000000,5,1,5,1,23320250000000,23322500000000,3,2,3,2,23320000000000,23322750000000,4,3,4,3,23319750000000,23323000000000,3,1,3,1,23319500000000,23323250000000,5,3,5,3,23319250000000,23323500000000,3,3,3,3,23319000000000,23323750000000,4,5,4,5,23318750000000,23324000000000,3,5,3,4,NQ.c.0
2026-03-30 14:01:00+00:00,1774879319997904257,10,1,42004058,A,B,1,23323250000000,1,128,11098,42559565,23323500000000,23324250000000,1,1,1,1,23323250000000,23324500000000,3,4,3,4,23323000000000,23324750000000,4,2,4,2,23322750000000,23325000000000,4,2,4,2,23322500000000,23325250000000,2,2,2,2,23322250000000,23325500000000,2,1,2,1,23322000000000,23325750000000,4,3,4,3,23321750000000,23326000000000,3,15,3,6,23321500000000,23326250000000,3,4,3,4,23321250000000,23326500000000,2,2,2,2,NQ.c.0
2026-03-30 14:02:00+00:00,1774879379972993411,10,1,42004058,C,A,0,23328500000000,1,128,12668,42914316,23327750000000,23328500000000,2,1,2,1,23327500000000,23328750000000,2,3,2,3,23327250000000,23329000000000,4,3,4,3,23327000000000,23329250000000,3,3,3,3,23326750000000,23329500000000,2,4,2,4,23326500000000,23329750000000,2,5,2,5,23326250000000,23330000000000,3,7,3,6,23326000000000,23330250000000,3,11,3,6,23325750000000,23330500000000,4,4,4,4,23325500000000,23330750000000,3,5,3,5,NQ.c.0
2026-03-30 14:03:00+00:00,1774879439992974204,10,1,42004058,C,A,0,23331000000000,1,128,12085,43221383,23330250000000,23331250000000,2,2,2,2,23330000000000,23331500000000,5,3,5,3,23329750000000,23331750000000,3,4,3,2,23329500000000,23332000000000,2,2,2,2,23329250000000,23332250000000,3,4,3,4,23329000000000,23332500000000,2,1,2,1,23328750000000,23332750000000,4,3,4,3,23328500000000,23333000000000,5,3,5,3,23328250000000,23333250000000,1,4,1,4,23328000000000,23333500000000,7,3,7,3,NQ.c.0
2026-03-30 14:04:00+00:00,1774879499995951921,10,1,42004058,A,B,0,23333000000000,1,128,11254,43491209,23333000000000,23333750000000,1,2,1,2,23332750000000,23334000000000,2,2,2,2,23332500000000,23334250000000,5,3,5,3,23332250000000,23334500000000,4,2,4,2,23332000000000,23334750000000,5,4,5,4,23331750000000,23335000000000,6,5,6,5,23331500000000,23335250000000,5,4,5,4,23331250000000,23335500000000,17,4,5,4,23331000000000,23335750000000,7,2,7,2,23330750000000,23336000000000,5,6,5,6,NQ.c.0
2026-03-30 14:05:00+00:00,1774879559999132428,10,1,42004058,A,A,0,23313000000000,1,128,11021,43839498,23312250000000,23313000000000,1,1,1,1,23312000000000,23313250000000,3,2,3,2,23311750000000,23313500000000,4,5,4,5,23311500000000,23313750000000,5,3,5,3,23311250000000,23314000000000,4,2,4,2,23311000000000,23314250000000,3,5,3,5,23310750000000,23314500000000,5,2,5,1,23310500000000,23314750000000,4,1,4,1,23310250000000,23315000000000,2,4,2,4,23310000000000,23315250000000,4,6,4,6,NQ.c.0
2026-03-30 14:06:00+00:00,1774879619991982041,10,1,42004058,A,B,0,23310500000000,1,128,11435,44156964,23310500000000,23311250000000,1,3,1,3,23310250000000,23311500000000,2,3,2,3,23310000000000,23311750000000,1,6,1,6,23309750000000,23312000000000,3,3,3,3,23309500000000,23312250000000,3,5,3,5,23309250000000,23312500000000,2,5,2,5,23309000000000,23312750000000,3,4,3,4,23308750000000,23313000000000,4,6,4,6,23308500000000,23313250000000,5,4,5,4,23308250000000,23313500000000,4,5,4,5,NQ.c.0
2026-03-30 14:07:00+00:00,1774879679998138003,10,1,42004058,A,A,0,23328500000000,1,128,13419,44473339,23327750000000,23328500000000,3,1,2,1,23327500000000,23328750000000,2,2,2,2,23327250000000,23329000000000,3,4,3,4,23327000000000,23329250000000,3,3,3,3,23326750000000,23329500000000,4,4,4,4,23326500000000,23329750000000,5,4,5,4,23326250000000,23330000000000,4,6,4,6,23326000000000,23330250000000,6,4,6,4,23325750000000,23330500000000,5,4,5,4,23325500000000,23330750000000,4,4,4,4,NQ.c.0
2026-03-30 14:08:00+00:00,1774879739999449393,10,1,42004058,M,A,2,23337250000000,1,128,11297,44759392,23336000000000,23336750000000,1,1,1,1,23335750000000,23337000000000,4,2,4,2,23335500000000,23337250000000,3,3,3,3,23335250000000,23337500000000,4,1,4,1,23335000000000,23337750000000,3,3,3,3,23334750000000,23338000000000,4,4,4,4,23334500000000,23338250000000,5,5,5,5,23334250000000,23338500000000,4,4,4,4,23334000000000,23338750000000,7,4,7,4,23333750000000,23339000000000,3,4,3,4,NQ.c.0
2026-03-30 14:09:00+00:00,1774879799991307183,10,1,42004058,M,B,1,23347000000000,1,128,12643,45049042,23347250000000,23348000000000,2,1,2,1,23347000000000,23348250000000,4,1,4,1,23346750000000,23348500000000,3,3,3,3,23346500000000,23348750000000,4,2,4,2,23346250000000,23349000000000,4,2,4,2,23346000000000,23349250000000,4,3,4,3,23345750000000,23349500000000,4,3,4,3,23345500000000,23349750000000,5,3,5,3,23345250000000,23350000000000,5,19,5,12,23345000000000,23350250000000,4,5,4,5,NQ.c.0
2026-03-30 14:10:00+00:00,1774879859994177350,10,1,42004058,A,A,1,23335250000000,1,128,12394,45440653,23334250000000,23335000000000,2,1,2,1,23334000000000,23335250000000,4,3,4,3,23333750000000,23335500000000,2,2,2,2,23333500000000,23335750000000,4,3,4,3,23333250000000,23336000000000,5,6,5,6,23333000000000,23336250000000,4,4,4,4,23332750000000,23336500000000,6,6,6,6,23332500000000,23336750000000,5,6,5,6,23332250000000,23337000000000,5,6,5,6,23332000000000,23337250000000,7,5,7,5,NQ.c.0
2026-03-30 14:11:00+00:00,1774879919971805934,10,1,42004058,M,A,1,23430500000000,1,128,13108,45767183,23354500000000,23355250000000,1,1,1,1,23354250000000,23355500000000,2,2,2,2,23354000000000,23355750000000,4,3,4,3,23353750000000,23356000000000,2,4,2,4,23353500000000,23356250000000,6,3,6,3,23353250000000,23356500000000,6,4,6,4,23353000000000,23356750000000,4,3,4,3,23352750000000,23357000000000,5,5,5,5,23352500000000,23357250000000,4,4,4,4,23352250000000,23357500000000,5,5,5,4,NQ.c.0
2026-03-30 14:12:00+00:00,1774879979996967665,10,1,42004058,A,B,4,23371000000000,1,128,11301,46068996,23372000000000,23372750000000,1,2,1,2,23371750000000,23373000000000,2,3,2,3,23371500000000,23373250000000,3,2,3,2,23371250000000,23373500000000,8,3,4,3,23371000000000,23373750000000,4,4,4,4,23370750000000,23374000000000,5,4,5,4,23370500000000,23374250000000,6,5,6,5,23370250000000,23374500000000,5,4,5,4,23370000000000,23374750000000,6,6,6,6,23369750000000,23375000000000,5,6,5,6,NQ.c.0
2026-03-30 14:13:00+00:00,1774880039994418495,10,1,42004058,M,B,1,23370000000000,1,128,12347,46359700,23370250000000,23371000000000,2,1,2,1,23370000000000,23371250000000,6,5,6,5,23369750000000,23371500000000,5,4,5,4,23369500000000,23371750000000,5,5,5,5,23369250000000,23372000000000,4,5,4,5,23369000000000,23372250000000,5,5,5,5,23368750000000,23372500000000,10,5,4,5,23368500000000,23372750000000,5,4,5,4,23368250000000,23373000000000,4,4,4,4,23368000000000,23373250000000,6,5,6,5,NQ.c.0
2026-03-30 14:14:00+00:00,1774880100000810519,10,1,42004058,A,A,2,23367500000000,1,128,11424,46610504,23366250000000,23367000000000,2,2,2,2,23366000000000,23367250000000,5,3,5,3,23365750000000,23367500000000,4,6,4,6,23365500000000,23367750000000,5,4,5,4,23365250000000,23368000000000,3,5,3,5,23365000000000,23368250000000,5,4,5,4,23364750000000,23368500000000,4,4,4,4,23364500000000,23368750000000,4,4,4,4,23364250000000,23369000000000,6,4,6,4,23364000000000,23369250000000,7,4,7,4,NQ.c.0
2026-03-30 14:15:00+00:00,1774880159998978055,10,1,42004058,C,B,0,23342500000000,1,128,11003,46995365,23342250000000,23343250000000,2,2,2,2,23342000000000,23343500000000,4,4,4,4,23341750000000,23343750000000,3,6,3,6,23341500000000,23344000000000,3,5,3,5,23341250000000,23344250000000,5,4,5,4,23341000000000,23344500000000,3,6,3,6,23340750000000,23344750000000,3,5,3,5,23340500000000,23345000000000,3,5,3,5,23340250000000,23345250000000,4,5,4,5,23340000000000,23345500000000,8,5,8,5,NQ.c.0
2026-03-30 14:16:00+00:00,1774880219997072694,10,1,42004058,A,A,1,23358500000000,1,128,13672,47365026,23357500000000,23358250000000,1,2,1,2,23357250000000,23358500000000,2,4,2,4,23357000000000,23358750000000,2,1,2,1,23356750000000,23359000000000,3,4,3,4,23356500000000,23359250000000,7,4,7,4,23356250000000,23359500000000,5,5,5,5,23356000000000,23359750000000,5,6,5,6,23355750000000,23360000000000,2,9,2,8,23355500000000,23360250000000,5,5,5,5,23355250000000,23360500000000,5,4,5,4,NQ.c.0
2026-03-30 14:17:00+00:00,1774880279997560609,10,1,42004058,A,B,8,23344750000000,1,128,11846,47655520,23346750000000,23347500000000,2,1,2,1,23346500000000,23347750000000,4,1,4,1,23346250000000,23348000000000,2,4,2,4,23346000000000,23348250000000,3,4,3,4,23345750000000,23348500000000,3,3,3,3,23345500000000,23348750000000,3,4,3,4,23345250000000,23349000000000,1,3,1,3,23345000000000,23349250000000,4,4,4,4,23344750000000,23349500000000,4,7,4,5,23344500000000,23349750000000,4,3,4,3,NQ.c.0
2026-03-30 14:18:00+00:00,1774880339976812787,10,1,42004058,M,A,2,23343750000000,1,128,11546,47940401,23342500000000,23343250000000,2,1,2,1,23342250000000,23343500000000,4,2,4,2,23342000000000,23343750000000,1,3,1,3,23341750000000,23344000000000,4,5,4,5,23341500000000,23344250000000,3,4,3,4,23341250000000,23344500000000,4,4,4,4,23341000000000,23344750000000,5,4,5,4,23340750000000,23345000000000,5,8,5,6,23340500000000,23345250000000,7,5,5,5,23340250000000,23345500000000,4,6,4,6,NQ.c.0
2026-03-30 14:19:00+00:00,1774880399998558840,10,1,42004058,C,B,0,23339750000000,1,128,11297,48242210,23339750000000,23340750000000,2,2,2,2,23339500000000,23341000000000,2,1,2,1,23339250000000,23341250000000,4,2,4,2,23339000000000,23341500000000,8,3,4,3,23338750000000,23341750000000,4,3,4,3,23338500000000,23342000000000,4,2,4,2,23338250000000,23342250000000,5,4,5,4,23338000000000,23342500000000,4,4,4,4,23337750000000,23342750000000,6,5,3,5,23337500000000,23343000000000,4,4,4,4,NQ.c.0
2026-03-30 14:20:00+00:00,1774880459998123167,10,1,42004058,C,B,0,23345250000000,1,128,12914,48553257,23345000000000,23346000000000,1,1,1,1,23344750000000,23346250000000,4,3,4,3,23344500000000,23346500000000,3,3,3,3,23344250000000,23346750000000,2,2,2,2,23344000000000,23347000000000,5,4,5,4,23343750000000,23347250000000,3,4,3,4,23343500000000,23347500000000,4,4,4,4,23343250000000,23347750000000,5,5,5,5,23343000000000,23348000000000,3,6,3,6,23342750000000,23348250000000,4,4,4,4,NQ.c.0
2026-03-30 14:21:00+00:00,1774880519996215804,10,1,42004058,C,A,0,23337000000000,1,128,12422,48834712,23336250000000,23337000000000,1,2,1,2,23336000000000,23337250000000,2,4,2,4,23335750000000,23337500000000,2,4,2,4,23335500000000,23337750000000,2,5,2,5,23335250000000,23338000000000,3,5,3,5,23335000000000,23338250000000,3,3,3,3,23334750000000,23338500000000,2,2,2,2,23334500000000,23338750000000,4,4,4,4,23334250000000,23339000000000,4,4,4,4,23334000000000,23339250000000,4,5,4,5,NQ.c.0
2026-03-30 14:22:00+00:00,1774880579994730454,10,1,42004058,C,A,0,23362500000000,1,128,10914,49173786,23361750000000,23362500000000,2,2,2,2,23361500000000,23362750000000,6,4,6,4,23361250000000,23363000000000,4,4,4,4,23361000000000,23363250000000,8,3,8,3,23360750000000,23363500000000,5,3,5,3,23360500000000,23363750000000,5,4,5,4,23360250000000,23364000000000,6,5,6,5,23360000000000,23364250000000,8,4,8,4,23359750000000,23364500000000,5,4,5,4,23359500000000,23364750000000,4,4,4,4,NQ.c.0
2026-03-30 14:23:00+00:00,1774880639991267127,10,1,42004058,C,A,0,23358250000000,1,128,12297,49459844,23357500000000,23358250000000,1,1,1,1,23357250000000,23358500000000,3,3,3,3,23357000000000,23358750000000,7,4,3,4,23356750000000,23359000000000,2,5,2,5,23356500000000,23359250000000,6,5,6,5,23356250000000,23359500000000,5,4,5,4,23356000000000,23359750000000,7,4,7,4,23355750000000,23360000000000,4,6,4,6,23355500000000,23360250000000,5,6,5,6,23355250000000,23360500000000,5,25,5,6,NQ.c.0
2026-03-30 14:24:00+00:00,1774880699997332068,10,1,42004058,A,A,4,23358250000000,1,128,11355,49725273,23356500000000,23357250000000,2,2,2,2,23356250000000,23357500000000,3,6,3,6,23356000000000,23357750000000,7,5,7,5,23355750000000,23358000000000,3,5,3,5,23355500000000,23358250000000,6,5,6,5,23355250000000,23358500000000,5,5,5,5,23355000000000,23358750000000,4,5,4,5,23354750000000,23359000000000,4,4,4,4,23354500000000,23359250000000,5,5,5,5,23354250000000,23359500000000,4,3,4,3,NQ.c.0
2026-03-30 14:25:00+00:00,1774880759994262734,10,1,42004058,A,A,1,23353250000000,1,128,10798,50023144,23352250000000,23353000000000,2,1,2,1,23352000000000,23353250000000,5,4,5,4,23351750000000,23353500000000,4,4,4,4,23351500000000,23353750000000,6,3,6,3,23351250000000,23354000000000,4,4,4,4,23351000000000,23354250000000,7,4,7,4,23350750000000,23354500000000,5,4,5,4,23350500000000,23354750000000,7,4,7,4,23350250000000,23355000000000,5,5,5,5,23350000000000,23355250000000,8,7,6,7,NQ.c.0
2026-03-30 14:26:00+00:00,1774880819996917772,10,1,42004058,A,B,1,23340500000000,1,128,13882,50328632,23340750000000,23341500000000,3,1,3,1,23340500000000,23341750000000,4,3,4,3,23340250000000,23342000000000,3,5,3,5,23340000000000,23342250000000,6,4,6,4,23339750000000,23342500000000,4,4,4,4,23339500000000,23342750000000,4,5,4,5,23339250000000,23343000000000,4,5,4,5,23339000000000,23343250000000,4,4,4,4,23338750000000,23343500000000,8,4,6,4,23338500000000,23343750000000,4,3,4,3,NQ.c.0
2026-03-30 14:27:00+00:00,1774880879999935346,10,1,42004058,C,A,0,23333250000000,1,128,13160,50618150,23332750000000,23333500000000,1,2,1,2,23332500000000,23333750000000,5,5,5,5,23332250000000,23334000000000,5,5,5,5,23332000000000,23334250000000,5,4,5,4,23331750000000,23334500000000,4,5,4,5,23331500000000,23334750000000,5,5,3,5,23331250000000,23335000000000,3,3,3,3,23331000000000,23335250000000,4,4,4,4,23330750000000,23335500000000,3,3,3,3,23330500000000,23335750000000,5,2,5,2,NQ.c.0
2026-03-30 14:28:00+00:00,1774880939986908580,10,1,42004058,C,A,0,23320500000000,1,128,10853,50925772,23319750000000,23320500000000,1,1,1,1,23319500000000,23320750000000,4,4,4,4,23319250000000,23321000000000,4,7,4,7,23319000000000,23321250000000,2,5,2,5,23318750000000,23321500000000,4,7,4,7,23318500000000,23321750000000,3,9,3,9,23318250000000,23322000000000,4,5,4,5,23318000000000,23322250000000,6,4,6,4,23317750000000,23322500000000,4,4,4,4,23317500000000,23322750000000,5,5,5,5,NQ.c.0
2026-03-30 14:29:00+00:00,1774880999998723684,10,1,42004058,A,A,1,23326250000000,1,128,16579,51241032,23325000000000,23326000000000,2,1,2,1,23324750000000,23326250000000,3,5,3,5,23324500000000,23326500000000,4,1,4,1,23324250000000,23326750000000,6,1,6,1,23324000000000,23327000000000,6,4,6,4,23323750000000,23327250000000,6,3,6,3,23323500000000,23327500000000,6,2,6,2,23323250000000,23327750000000,3,6,3,6,23323000000000,23328000000000,6,7,6,7,23322750000000,23328250000000,4,3,4,3,NQ.c.0
